"text","sentiment"
"Åšliczny Pamparampam","1"
"Matko jedyna, juÅ¼ czujÄ™ tÄ… zajebistoÅ›Ä‡, jak bÄ™dÄ™ zjeÅ¼dÅ¼aÅ‚ na Å›wiÄ™ta do domku i przy kasie takie: DziÅ„ Dybry poproszÄ™ bilet studencki do Radomia GÅÃ“WNEGO!","1"
"Czy najlepsze to nie wiem, ale jedno z lepszych","1"
"Polecam tÄ™ PaniÄ…!","1"
"Omg Å›wietne","1"
"Oliwia Skonieczna omg uwu Å¼abka","1"
"Marcin Jaworski oczywiÅ›cie Å¼artowaÅ‚em","1"
"Damian Brania jakby ktoÅ› miaÅ‚ ss byÅ‚oby super","1"
"Gratulacje, ja w tym czasie ojebalem pizzÄ™ i frytowanefi camemberta ale kÅ‚aniam siÄ™ i podziwiam","1"
"dzien dobry!! ja co prawda od 6 w pracy, ale zapowiada siÄ™ bardzo mily dzien peÅ‚en spotkaÅ„ Å¼e znajomymi","1"
"*odgÅ‚os wÄ…chania*\\nA co tam pichcicie? Bardzo Å‚adnie pachnie!\\nObudÅºcie mnie, jak bÄ™dzie gotowe.","1"
"Martyna Zdanuczyk Czyli co, trzeba mieÄ‡ szczÄ™Å›cie na polowaniu","1"
"CzekaÅ‚am na to pytanie","1"
"PoszedÅ‚ subik! Fajna jakoÅ›Ä‡ dÅºwiÄ™ku juÅ¼ siÄ™ rzuca w oczy, fajnie Å¼e juÅ¼ od razu zadbaÅ‚eÅ› o sprzÄ™t","1"
"Ten jest najlepszy","1"
"Jakie to prawdziwe","1"
"Z farbami mam nieco na pieÅ„ku, ale z rysowaniem pieskÃ³w bardzo dobrze siÄ™ dogadujemy, nie powiem Å¼e nie.","1"
"Kaja Wasilewska cudo","1"
"Ale romantyczne te pingwiny, moglibyÅ›my siÄ™ od nich wiele nauczyÄ‡ jako ludzkoÅ›Ä‡.\\nzwruszyÅ‚em siÄ™","1"
"JeÅ¼eli nadal trwa rekrutacja, jestem chÄ™tny. Odezwijcie siÄ™. Pozdrawiam","1"
"chyba ze tak, zwracam honor mordeczko","1"
"do obiadu siÄ™ nie nadaje bo jest za dobre i obiad przestaje smakowaÄ‡","1"
"Kofola z beczki jeszcze lepsza","1"
"piekne miejsce narodzin Fryderyka Chopina.....","1"
"Kurwa jak ja kocham Czeski xD","1"
"SzanujÄ™","1"
"Tomek Wojciechowski dziÄ™kujÄ™ za ten komentarz","1"
"Åšmiechlem srogo xD","1"
"Ja teÅ¼ chce takÄ… Å›winke :3","1"
"twoje filmy o paradokumentach sÄ… zajebiste ale przydaÅ‚oby siÄ™ czasem wrzuciÄ‡ co innego nie?","1"
"Nigdy tak szybko nie kliknÄ…Å‚em w filmik","1"
"No w koÅ„cu juÅ¼ myÅ›laÅ‚em Å¼e nie bÄ™dzie dziÅ› odcinka :)","1"
"BÅ‚aÅ¼ej, uwielbiam Twoje wystÄ™py !! :)","1"
"Åšwietna charyzma i przezabawny program ğŸ˜ŠğŸ‘","1"
"Genialny, prawie bez przekleÅ„stw, dowcipÃ³w o szwagrze i teÅ›ciowej. Åšmieszne caÅ‚y czas.","1"
"Szacun! PopÅ‚akaÅ‚am siÄ™ ze Å›miechu:)","1"
"Bardzo dobry materiaÅ‚.\\nWarto obejrzeÄ‡ :)","1"
"Mistrz! ğŸ™ƒ","1"
"BÅ‚aÅ¼ej, jesteÅ›  z a j e b i s t y! Wielkie brawa ode mnie ğŸ‘","1"
"Jopek mnie rozjebaÅ‚ xD","1"
"Mistrz ! ğŸ˜ƒğŸ˜ƒğŸ˜ƒğŸ˜ƒğŸ”¥","1"
"BoÅ¼e, dawno siÄ™ tak nie uÅ›miaÅ‚am","1"
"poezja :D","1"
"Dobry jest ğŸ‘","1"
"OglÄ…dam to z 10 raz i caÅ‚y czaa mnie smieszy i mysle ze bedzie mnie Å›mieszyÅ‚o zanim czefos bowego nie wypuÅ›ci BÅ‚aÅ¼ej mistrzostwo Å›wiata","1"
"Lotek mam nadziejÄ™ Å¼e bÄ™dÄ… Å›wiÄ™ta cz2 za chwilÄ™ ğŸ˜‚","1"
"ChÅ‚op rozwala scene ğŸ˜‚ğŸ˜‚ğŸ˜‚ğŸ˜‚ğŸ˜‚ğŸ˜‚ğŸ˜‚ğŸ˜‚ğŸ˜‚ğŸ˜‚ğŸ˜‚ğŸ˜‚ğŸ˜‚ğŸ˜‚ğŸ˜‚ğŸ˜‚ğŸ˜‚ğŸ˜‚ğŸ˜‚ğŸ˜‚ğŸ˜‚ğŸ˜‚ğŸ˜‚ğŸ˜‚ğŸ˜‚ğŸ˜‚ğŸ˜‚ğŸ˜‚","1"
"Od czasu pandemi w robocie sÅ‚ucham zamiast muzy ğŸ˜….","1"
"Dobry skurczybykğŸ¤£","1"
"Ogladam to juz kolejny raz nigdy mi siÄ™ nie znudzi ! ğŸ˜‚ğŸ˜‚ğŸ˜‚","1"
"RAU nie Å›pi, bo trzyma poziom za Was wszystkich Å‚aki jebane!","1"
"ten momet gdy przerywasz wszystko co robisz bo zobaczyÅ‚eÅ›/aÅ› Å¼e rau wrzuciÅ‚ nowa piosenkÄ™","1"
"kurwa, RAU... jak ja CiÄ™ uwielbiam","1"
"Kurwa jaki prawdziw. Sztoss","1"
"Ten film robi mojemu mÃ³zgowi zaskakujÄ…co dobrze xd.","1"
"wspierajÄ…cy komentarz â¤","1"
"To pÃ³Å‚ roku a to jest takie zajebiste nie mam pytaÅ„","1"
"jeszcze 8,169 wyÅ›wietleÅ„ do 40 miliona edit: juÅ¼ 40 milionÃ³w! lecimy do 50 milionÃ³w","1"
"Mata pozamiataÅ‚","1"
"kocham drimis rozumiecie mnie","1"
"jutro moÅ¼e jakaÅ› szybka sesja wleci","1"
"naprawdÄ™ chciaÅ‚abym sobie powiedziec kiedys â€i made itâ€ i byc z siebie dumna","1"
"Kocham psiapsiÃ³Å‚kowanie siÄ™ z ciociÄ…, i mean nie znam Å¼adnej tak pewnej siebie i zabawnej osoby, teraz sobie leÅ¼ymy i oglÄ…damy netflixa na przykÅ‚ad","1"
"Chce nins Å¼ebym mogÅ‚a sobie z niÄ… chodziÄ‡ normalnie za rÄ™kÄ™ i przytulaÄ‡ sobie jÄ… i wgl.\\nHalo.","1"
"Gratulacje dla Legii. Teraz w ekstraklasie najlepiej graÄ‡ z LegiÄ… miÄ™dzy meczami w grupie LE, chyba, Å¼e przeÅ‚oÅ¼Ä… ğŸ˜‰. #LEGSLA","1"
"dobra kurwa, szybciej z tymi kulisami ğŸ’š","1"
"KurwA SAD leci piÄ™knie","1"
"PotrzebujÄ™ wiÄ™cej pizzy w swoim Å¼yciu","1"
"JeÅ›li jutro dobrze pÃ³jdzie to bÄ™dÄ™ na imprezie o tematyce La casa de papelğŸ”¥","1"
"ja sie zaraz poplacze ze smiechu i love alus sm","1"
"przytuliÅ‚em juyeona a wy co osiÄ…gnÄ™liÅ›cie w Å¼yciu","1"
"ten moment gdy twoje konto sie rozrasta i nie gadasz do sciany&gt;&gt;&gt;&gt;","1"
"Jestem zadowolony z dzisiejszych zakupÃ³w","1"
"smiesznie jest","1"
"nie mam co robiÄ‡, wiÄ™c wÅ‚Ä…czÄ™ sobie ranczo i bÄ™dÄ™ rozwiÄ…zywaÅ‚a krzyÅ¼Ã³wki","1"
"Yoongi w tych rÃ³Å¼owych wÅ‚osach wyglada tak piÄ™knie.. aaahhh, zakochana jestem!!","1"
"Tak mi siÄ™ miÅ‚o na serduszku robi, gdy widzÄ™ ten rysunek z dbd ğŸ¥ºâ¤ï¸","1"
"kocham louisa i michaela najmocniej na swievie","1"
"aaaaa mikey jest zajebisty w chuj zresztÄ… wbk","1"
"jestem tak barfzo zarumieniona przez ksiazke nmg dawno nie bylam tak czerwona","1"
"plz jakiÅ› tam pan z tik toka mi zaÅ›piewaÅ‚ sto lat sÅ‚odko","1"
"Dobranoc sÅ‚odziaki!! â¤ğŸ¤“","1"
"z ostatnich tygodni wyciÄ…gnÄ…Å‚em jeden wniosek:nad morzem jest najlepiej","1"
"Brawo brawo piÅ‚karze to Wasz sukces jest i Wielki sukces CM bo o prezesie to szkoda wspiminac","1"
"Krakuw zajebiste miasto","1"
"jakby min yoongi jest niesamowicie utalentowanym czÅ‚owiekiem i cholernie ciÄ™Å¼ko pracowaÅ‚ na swÃ³j sukces, jest cudownÄ… osobÄ… i cieszÄ™ siÄ™ Å¼e jest moim idolem","1"
"KiedyÅ› spojrzysz na to jedyne zdjÄ™cie caÅ‚ej swojej paczki przyjaciÃ³Å‚ i przypomnisz sobie jakie cudowne chwile razem spÄ™dziliÅ›cie w mÅ‚odoÅ›ci a teraz nawet nie macie kontaktu. ğŸ¥€","1"
"jak ja was kurwa nienawidze saeran stans","1"
"0000 bedzie dobrze","1"
"do szczescia potrzebuje tylko tej durnej ksiÄ…Å¼ki lost prayer","1"
"muszÄ™ wymyÅ›liÄ‡ jakiÅ› fajny tekst do swojej puszki na napiwki","1"
"chciaÅ‚abym poczuÄ‡ czyjeÅ› ciepÅ‚o obok, wolna od myÅ›li, wolna od zmartwieÅ„, tylko cisza oraz dwa bijÄ…ce serca","1"
"I jest piÄ™knie ğŸ‘ğŸ‘ğŸ‘ \\nBrawo piÅ‚karze ğŸ‘ğŸ‘ğŸ‘ \\nDobre zakoÅ„czenie choÄ‡ poczÄ…tek nie wrÃ³Å¼yÅ‚ nic dobrego. Ufff...","1"
"chyba zrobiÄ™ rewatch pandora hearts jutro bo mi tÄ™skno do oza i ekipy","1"
"AÅ¼ mi Å‚za poleciaÅ‚a Mbappe prowadÅº","1"
"okej ja ide spac, wreszcie sie wyspie moze. spijcie dobrze &lt;3","1"
"kocham szona mendelejewa","1"
"jestem ciekawa jak wjedzie w tej piosence megan","1"
"sÅ‚ucham sobie koncertu a-ha i piekÄ™ babeczki, dokÅ‚adnie tak chciaÅ‚am spÄ™dziÄ‡ te noc, koledzy","1"
"wÅ‚aÅ›nie przeczytaÅ‚am hc, ze gdyby rosa umarÅ‚a, to jinghe i tak kupowaÅ‚by jej wszystko, co mogÅ‚oby jej siÄ™ tylko spodobaÄ‡ i przynosiÅ‚by to na jej grÃ³b","1"
"czasami myÅ›lÄ™ o tym Å¼e ktoÅ› chce iÅ›Ä‡ ze mnÄ… na randke i usmiecham sie bo to miÅ‚e","1"
"JeÅ¼eli serio mi na tobie zalezy: u win, bo przyjade do ciebie nawet w Å›rodku nocy jeÅ›li bedzie trzeba","1"
"Moja obietnica ze bede miec to inkonke do gorou jeszcze sie trzyma\\n(Tak samo to ze mam ja dluzej niz felix poprzedniağŸ˜ğŸ˜)","1"
"Wiecie Å¼e ma dalej mÃ³j autograf nad Å‚Ã³Å¼kiem, dostaÅ‚a go na poczÄ…tkach mojej kariery widzowie ğŸ˜‹ğŸ˜‹","1"
"uwielbiam CiÄ™ C64, odwal siÄ™ ode mnie na zawsze","1"
"Twoja skÃ³ra pachnie jak ostatnie dni wakacjiâœ¨","1"
"boÅ¼e no kocham wÅ‚oski, to jest taki przyjemny jÄ™zyk, Å¼e no nie wytrzymam","1"
"i ten kto zatanczy ze mna do ""youre a woman"" oraz ""the winner takes it all"" ma moje serce","1"
"dobra ale spÃ³jrzmy na plusy, przynajmniej komuÅ› humor moge poprawiÄ‡ co nie.","1"
"jutro wstawiÄ™ filmiki z koncertuâ¤ï¸","1"
"sÅ‚ucham DLIBYH i rycze bo boze tak bardzo kocham Lou","1"
"powiem Wam Å¼e wciÄ…gnÄ™Å‚o mnie to death note","1"
"chyba wrÃ³cÄ™ uberem bo chce siÄ™ przytuliÄ‡ z M*******","1"
"oliwia mi uÅ›wiadomiÅ‚a ze najbardziej lubiÄ™ jak siÄ™ na mnie mÃ³wi maÅ‚y","1"
"trzese sie znowu jest fajnie","1"
"UdaÅ‚o siÄ™. Dobranoc.","1"
"dobranoc, miÅ‚ych snÃ³w&lt;3","1"
"nieironicznie marzÄ™ o wydaniu albumu z featami od Popka, Gospela, Belmondo i Gimpsona","1"
"dawno nie czuÅ‚am siÄ™ tak cudownie jak z oliwkÄ…:( moja kobieta jest najlepsza rozumiecie","1"
"WÅ‚aÅ›nie na to czekaÅ‚am, miaÅ‚am duÅ¼e oczekiwania co do tego albumu i Halsey speÅ‚niÅ‚a je wszystkie #IfICantHaveLoveIWantPower","1"
"Å¼ycie jest piÄ™kne, ale nie moje","1"
"JeÅ›li rozkaÅ¼ecie mi czekaÄ‡, bÄ™dÄ™ czekaÅ‚ i na zawsze. Tak dÅ‚ugo, jak po mnie wrÃ³cicie.","1"
"mogÅ‚oby juÅ¼ byÄ‡ inaczej, bo czemu by nie","1"
"Hornienie siÄ™ do osÃ³b prawdziwych jest niestosowne ale za ciÄ™Å¼kie do pohamowania kiedy twÃ³j idol potrafi jebnÄ…Ä‡ hot sesyjkÄ™ na rÃ³wnie gorÄ…cej plaÅ¼y","1"
"w takim tempie naucze sie tego na pamiec","1"
"Darling ------ przepiÄ™kne","1"
"Dzisiaj ogÅ‚aszam Å›wiÄ™to z okazji awansu ğŸ¥ƒBiorÄ™ urlop na Å¼Ä…danieğŸ¤·ğŸ¼ğŸš— znaczy siÄ™ u mnie nieczynneğŸ˜œ","1"
"mam zaciesz na mordzie caÅ‚y czas :3 #5city","1"
"ZnalazÅ‚am zajebisty webtoon","1"
"muj piesek sie tak ucieszyl jak mnie zobaczyl kocham go tego lobuza","1"
"jestem bardzo zakochana","1"
"jestem zmÄ™czona fest ale to takie pozytywne zmeczenie","1"
"zjadlabym taki dobry ser","1"
"Marlena ZieliÅ„ska tak","2"
"po to wszedÅ‚em w komentarze xD","2"
"Poranne wojaÅ¼e w peÅ‚nej relacji. TLK 91130 ""Zosia"" relacji ÅÃ³dÅº Fabryczna - Warszawa Wschodnia p. Warszawa GdaÅ„ska","2"
"Imagine zlot przedziaÅ‚awki w sypialnym na jakiejÅ› dÅ‚ugiej trasie","2"
"Spadam teÅ¼ spaÄ‡, miÅ‚ego i dobranoc!","2"
"wszyscy wiemy jakie imiona bÄ™dÄ… nosiÄ‡","2"
"Kurwa to tylko hasÅ‚o DXDXDDDDHHSDDSSDDD JAPIERDOLE","2"
"xd ja bym se ustawil gochatydziwkojebanachujciwdupe123","2"
"Zaraz zmieni na twoje bo bÄ™dziesz juÅ¼ jego eks","2"
"Czemu sb nie ustawiÅ‚ Karolina123 Wtf","2"
"Ja jako hasÅ‚o do telefonu mam nadal datÄ™ z pierwszego powaÅ¼nego zwiÄ…zku, kwestia przyzwyczajenia a data juz dla mnie nie jest istotna","2"
"MÃ³j byÅ‚y miaÅ‚ urodziny swojej byÅ‚ej jako kod do telefonu i jakby trzeba pamiÄ™taÄ‡ ze faceci aÅ¼ tyle nie myÅ›lÄ… i po takim czasie jak pare lat to siÄ™ staje przypadkowa sekwencja liter i cyferek XDDDDDDDD","2"
"tez mam imie bylego i numerki jako haslo bo tak bylo mi najproÅ›ciej zapamietac i nie zmienialam tego od paru lat wiec nie martw sie laska to juz nie jest imie tylko nic nieznaczacy ciag literXD","2"
"Jak dla mnie bez rÃ³Å¼nicy hasÅ‚o to hasÅ‚o","2"
"Damian DÄ…browski niw zesraj siÄ™ przypadkiem\\nmoÅ¼e chodzÄ™ do psychologa i co ciÄ™ to interesuje XDDDD","2"
"Diana RÃ³Å¼ycka psycha sittttiingg","2"
"jak zbliÅ¼ajÄ… siÄ™ wybory prezydenckie, to kandydaci (zwÅ‚aszcza ci bez szans) dopisujÄ… sobie przed nazwiskiem sÅ‚owo ""prezydent"". Tutaj zachodzi podobna sytuacja ze sÅ‚owem ""powstanie"".","2"
"Emilia Drohobycka Ty widzisz, ze Pani starsza i o czcionke piszesz xDdd","2"
"imagine siÄ™ obsraÄ‡ o hasÅ‚o na kÄ…kuter, jak Å‚atwo mu je zapamiÄ™taÄ‡ to w czym problem? XDD","2"
"Moja dziewczyna ma datÄ™ urodzin byÅ‚ego wiÄ™c no , mi to wisi","2"
"Klaudia JureÅ„czyk XDHDHSDSSD","2"
"Imagine mieÄ‡ tylko 8 lekcji","2"
"nazwisko adekwatne","2"
"Ewelina Godula SkÄ…d masz zawartosc fapfolderu Kermita","2"
"doslownie","2"
"Elektryk?pierwsze mi przyszÅ‚o do gÅ‚owy","2"
"Krawcowa","2"
"po kursie NBP, jakieÅ› 50zÅ‚","2"
"Z daleka wyglÄ…da jak kawaÅ‚ek mandarynki","2"
"MichaÅ‚ Wiraszka to nawet nie jest on","2"
"Po komentarzach widaÄ‡ jak â€lubiÄ…â€ iPhoneâ€™y","2"
"Panie drogie","2"
"Grzegorz Golanko na Å›wiÄ™cie plonÃ³w Jaca zagra ZostaÅ„my Razem i Typa Niepokornego, a w klubie przykurwi DoskozzzÄ…, czÅ‚owiek orkiestra","2"
"Jagoda Behrendt no tylko za zachodzie sobote masz 150 pro wiecej a u nas jak powiesz 150 pro wiecej to ci szef powie nie szczekaj","2"
"A no i cygaro jest takie mocne Å¼e siÄ™ nim nie zaciÄ…ga bo po paru minutach byÅ› odpadÅ‚ xD maÅ‚e cygara nawet pali siÄ™ parÄ™dziesiÄ…t minut","2"
"Lidl oraz InPost na pewno ale Zahir Kebab teÅ¼ coÅ› tam dziaÅ‚a xD","2"
"Artur Szczypkowski\\noj tak","2"
"Vlog pandemiczny i/lub spotkania na zoomie","2"
"Aktywny discord","2"
"Agnieszka Nowakowska rel","2"
"Dagmara Kowalek jednak wolÄ™ mature xD","2"
"Julek Michalski Å»ywiec ""biaÅ‚e"" 0% moje ulubione","2"
"A z piw w sklepie to idk ÅomÅ¼Ä™ se kup","2"
"Jarek Wozniak chyba inne piwa pilismy\\nale o gustach siÄ™ nie dyskutuje","2"
"Bawi mnie ten post, ale dodam tu siÄ™\\nStarogard GdaÅ„ski woj. pomorskie","2"
"Barbara GÃ³ra ja rÃ³wnieÅ¼!\\nMiÅ‚ego wypoczynku!","2"
"DzieÅ„ dobry, dzisiaj przede mnÄ… znowu 12 h w pracy. Mam nadziejÄ™, Å¼e tym razem nie trafi siÄ™ wredna klientka.","2"
"CiÄ™Å¼ko byÅ‚o ogarnÄ…Ä‡ co tam siÄ™ dziaÅ‚o. Moim zdaniem film niezÅ‚y, ale drugi raz bym go nie obejrzaÅ‚","2"
"Mateusz Lepiech Lepieszka Myster Åajt, wyjaraÅ‚em caÅ‚y blu staf","2"
"KiedyÅ› prÃ³bowaÅ‚em 3x, ostatni raz jakieÅ› 10 lat temu, nie chcieli. 17 lat temu miaÅ‚em astmÄ™ i niby to mnie wyklucza.","2"
"TrochÄ™ beka, bo do tej pory nie wiem, jakÄ… mam grupÄ™ krwi xp","2"
"KrzyÅ›! KrzyÅ›! Mam Yeti!","2"
"Adam Jurak niby wiem ale od 15 at stawiam i nic sie nie stalo+ stal daleko dosc akurat","2"
"JesteÅ› na spotify?","2"
"TVP - Telewizja Polska","2"
",,zajazd zadymaâ€ XD i bez kitu po ich jedzeniu byÅ‚a zadyma w kiblu xd","2"
"Ale kiedy chodzisz w zatrzymanym czasie starzejesz siÄ™ o 500% szybciej","2"
"Smyranie Czarnka po nosie tÄ™czowym krÃ³liczkiem.","2"
"UmiejÄ™tnoÅ›Ä‡ natychmiastowego rozwiazania problemÃ³w z psychÄ….","2"
"Wszechwiedza","2"
"Sylwester mozesz wybraÄ‡ dowolna dÅ‚ugoÅ›Ä‡ i szerokoÅ›Ä‡ geograficzna ale wysokoÅ›Ä‡ nad poziomem morza jest losowa.","2"
"Aleksandra Kociuba To ja juÅ¼ nie chcÄ™ byÄ‡ WiedÅºminem..","2"
"Po prostu idzie burza. Nic nadzwyczajnego","2"
"Metju Jankowski ta racja, nigdy nie szÅ‚em bo wszystkie inne cechy rozwijaÅ‚y siÄ™ normalnie (wzrost,sylwetka,zarost,cechy pÅ‚ciowe)","2"
"Dominik Lehmann mi po prostu Å¼al tego robaczka, ktÃ³ry zawiniÅ‚ tylko tym, Å¼e niechcÄ…cy wpadÅ‚ do tego pokoju, a autorka bezrefleksyjnie go zabiÅ‚a i jeszcze siÄ™ tym chwali","2"
"Alla WÄ™cÅ‚awska nie lubie robali wiÄ™c wylÄ…dowaÅ‚ w kiblu","2"
"byÅ‚am w pracy, bÄ™dÄ™ w pracy","2"
"Emilia Kubacka phew, nie jestem sama","2"
"GraÅ‚am w lola\\nBÄ™dÄ™ graÄ‡ w lola","2"
"ZdaÄ‡ egzamin","2"
"Kuba BÅ‚aszczyk no wÅ‚aÅ›nie nie wiem jaki kupiÄ‡","2"
"Piotr Wruck tu jest uwzgledniony i7 10700K","2"
"Dariusz KÄ™dra MoÅ¼na, jednak z rozmowy wyÅ¼ej wnioskujÄ™ Å¼e autor koniec koÅ„cÃ³w weÅºmie zablokowanÄ… wersjÄ™ procka","2"
"chÅ‚odzenie --> Fera 5 dual\\ndysk--> kc2500/a2000 500GB\\nreszta jak najbardziej git","2"
"Franek Mazek co ? DopÅ‚acaÄ‡ 400 zÅ‚ za 1 cl niÅ¼ej ?","2"
"poszukujÄ™ rÃ³wnieÅ¼ ofert komputerÃ³w uÅ¼ywanych, wiÄ™c jeÅ›li masz cos ciekawego napisz pv","2"
"DajÄ…c 10400F bÄ™dzie jak najbardziej w porzÄ…dku i niczego nie musisz juÅ¼ wymieniaÄ‡. MoÅ¼esz jak najbardziej braÄ‡.","2"
"Szymon Druszcz fortnite","2"
"Tracer studio pro\\nDostajesz jeszcze statyw dwa pop filtry w zestawi mam i jest git","2"
"A po co ci wiÄ™cej? Chyba Å¼e masz monitor wiÄ™cej niÅ¼ 300 Hz, chociaÅ¼ i wtedy 300 FPS powinno wystarczyÄ‡.","2"
"Procek amd5 wystarczy daj 600w tak optymalnie i git","2"
"Wojciech Sierant niepotrzebne, crucial 32 (2x16) 3600mhz cl16 ballistix za 959 zÅ‚ lepiej?","2"
"Kamil Paderewski dziÄ™ki","2"
"DokÅ‚adnie. ZrobiÅ‚em tak samo.","2"
"Karta graficzna","2"
"ZaleÅ¼y jaki budÅ¼et","2"
"MiÅ‚osz BaÅ‚og a litrow jedna ma 2,25","2"
"Tak, to grupa do udostÄ™pniania zdjÄ™Ä‡ butelek","2"
"W Czechach teÅ¼ sÄ… firmy budowlane skumane z urzednikami","2"
"Robert Piekarz na biaÅ‚ym rycerzy byÅ‚ koÅ„","2"
"Hejka, jestem tu od niedawna, trochÄ™ mnie Å›mieszy, a trochÄ™ nie rozumiem\\nco to znaczy to mydli mydli i mucha, co zaciera Å‚apkami?","2"
"MoÅ¼e u nich pÃ³Åºniej kwitnÄ… rzeczy","2"
"To nie wiem ale kiedyÅ› w hospodÄ› opowiadaÅ‚em kolegom Czechom Å¼e pochodzÄ™ spod Kielc a ze stolika obok nas inni Czesi zaczÄ™li puszczaÄ‡ Liroya i Å¼e siÄ™ na tym wychowali WTF xD","2"
"student bohemidtyki here, za piwo przetÅ‚umaczÄ™ xD","2"
"Jak Czesi to MaÅ‚e Nemce","2"
"JuÅ¼ widzÄ™ bol dupy ojkofobicznych Julek i OskarkÃ³w co mÃ³wili Å¼e Tylko w Polsce takie rzeczy i Polska zua a Czechy dobre","2"
"Tomasz Wojtkowski zwÅ‚aszcza, Å¼e wtedy Polska nie miaÅ‚a wytyczonej granicy na wschodzie, wiÄ™c rÃ³wnie dobrze mogli policzyÄ‡ ludnoÅ›Ä‡ aÅ¼ do Kijowa xd","2"
"MichaÅ‚ Sobiech czechosÅ‚owacyia*","2"
"po angielsku to bÄ™dzie earthworm, rain-worm a rosÃ³wki sÄ… czasami potocznie nazywane bloodworms mimo Å¼e sÅ‚owo dotyczy czego innego","2"
"Niemcy w protektorat czech i moraw zrobili znowu","2"
"Maciej Sulej ZACZÄ„ÅEM TO czytaÄ‡ i byÅ‚em jak okej idziemy dalej po czym doczytaÅ‚em Å¼e do BaÅ‚tyku i zaczÄ…Å‚em siÄ™ dusix","2"
"Wiktor Szajna To chyba wizualizacja przymiotnika ""niemieckie""","2"
"W sumie to jeden do jednego odtworzone","2"
"Kurwa dajcie sobie juÅ¼ spokÃ³j z tym morzem, na ktÃ³re Niemcy mÃ³wiÄ… â€Ost Seeâ€","2"
"Bez cukru? Smakuje to jakoÅ› czy jak kaÅ¼dy napÃ³j bezcukrowy jakby byÅ‚ juÅ¼ raz wypity?","2"
"Na milion mieszkaÅ„cÃ³w trochÄ™ blado wypadamy","2"
"â€W ty miesiÄ…cu to bÄ™dzie juÅ¼ chyba piÄ…ty raz dzisiajâ€ Xd","2"
"253... dasz radÄ™, dojedziesz go. GO GO GO! (xD)","2"
"Edycja materiaÅ‚u: Bartek Babik hmmmmm, a gdzie kryspin?","2"
"MÃ³j pan sÄ…siad codziennie napierdala disco polo :<","2"
"lakarnum posiadanie Å›wini miniaturki nie bÄ™dÄ…c rolnikiem od czasu epidemi afrykaÅ„skiego pomoru Å›wiÅ„ jest nielegalne w naszym piÄ™knym wypizdowie wiÄ™c jak chcesz takÄ… Å›winie to tylko nielegalnie ;)","2"
"A mogli zadzwoniÄ‡ na policje i by byÅ‚ koniec odcinka.","2"
"ja wolaÅ‚em Kryspinka :c","2"
"Nowi sÄ…siedzi z piekÅ‚a rodem","2"
"Moja babcia ma klucze do trzech dziaÅ‚ek na swojej wsi","2"
"CZY PAWEL ZACZYNA ROBIC FILMY CZESCIEJ NIZ WCZESNIEJ\\nJeÅ›li tak chcemy byÄ‡ o tym poinformowani\\nps. KRYSPIN GDZIE JESTEÅš???","2"
"Laka ja teÅ¼ nienawidzÄ™ woich sÄ…siadÃ³w tak jak Ty","2"
"wziÄ…Å›Ä‡","2"
"CzÄ™Å›ciej uÅ¼ywa siÄ™ formy NEKROPOLIA, ale forma NEKROPOLA rÃ³wnieÅ¼ jest poprawna. Obie sÄ… spolszczeniem greckiej nazwy Î½ÎµÎºÏÏŒÏ€Î¿Î»Î¹Ï‚ [nekropolis]","2"
"powie mi ktoÅ› jak odblokowaÄ‡ alternatywne piÄ™tra ?","2"
"Ryfek nie moÅ¼esz o niczym nie Å›niÄ‡ bo byÅ› nie Å¼yÅ‚, moÅ¼esz co najwyÅ¼ej nie pamiÄ™taÄ‡ snu","2"
"Pewnie ci siÄ™ Å›niÅ‚y naleÅ›niki z pasztetem hahahhah","2"
"No to mamy czeski remis\\n\\nJak rumun prÃ³buje okraÅ›Ä‡ turka ha ciekawe z czego","2"
"Kwiatek to raczej Dalia niÅ¼ Hortensja :)\\nEdit: podpowiada mi to rÃ³wnieÅ¼ napis na dzieciÄ™cym ubraniu, pewnie jest to jakieÅ› nawiÄ…zanie do obrazu.","2"
"bydgoszcz i miasto to przegiÄ™cie, to tak jak przegiÄ™ciem jest szczecin, ze to miasto, gdzie nie ma ikei, praktikera i drÃ³g","2"
"I co PaczeÅ› z ZolÄ…? MoÅ¼na tyle nie przeklinaÄ‡?","2"
"My tu siÄ™ Å›miejemy, a Ewa juÅ¼ w kuchni","2"
"Lotek nowy materiaÅ‚ wrzucaj kaÅ¼dy czeka mamy 2021 rok hahah","2"
"OglÄ…daÅ‚em to o 3 w nocy i obudziÅ‚em wszystkich w moim domu bo tak siÄ™ Å›miaÅ‚em ğŸ˜‚","2"
"Mam takÄ… babcie katoliczkÄ™ ktÃ³ra siÄ™ zachowuje identycznie","2"
"Trzymaj siÄ™ tam byczku, klasa jak zawsze","2"
"Nikt nie mÃ³wiÅ‚, Å¼e w Polsce da siÄ™ robiÄ‡ takÄ… muzÄ™ ğŸ˜¶","2"
"Przez chwile siÄ™ baÅ‚am, Å¼e yt robi mi Å¼art na 1 kwietnia. Na szczÄ™Å›cie nie.","2"
"Nie mogÄ™ siÄ™ powstrzymaÄ‡ Å¼eby nie odejÅ›Ä‡ na moment od warstwy merytorycznej odcinka i nie wyrÃ³Å¼niÄ‡ tej wizualnej - przepiÄ™kne w tym odcinku jest oÅ›wietlenie! A kontent jak zwykle w punkt ğŸ’™","2"
"Teraz czekamy na szczepionkÄ™ mDMA","2"
"A co z odwrotnÄ… transkrypcjÄ…? Co z retrowirusami?","2"
"Pytanie : Czy jest sens Å¼eby osoby ktÃ³re przeszÅ‚y covid 19 siÄ™ szczepiÅ‚y ? Mam na myÅ›li okres zaraz po wyzdrowieniu .","2"
"Podstawowe pytanie po wuj szczepionki kiedy ponad 99,8% przechodzi to prawie bezobjawowo a reszte moÅ¼na wyleczyÄ‡ amantadynÄ…? ..ale cii bo koncerny na tym nie zarobiÄ…","2"
"Brakuje odpowiedzi na waÅ¼ne pytanie - dlaczego szczepionka mRNA jest lepsza od tradycyjnej.","2"
"Wiele ciÄ™Å¼kich przypadkÃ³w to efekt nadmiernej dziaÅ‚alnoÅ›Ä‡i naszego ukÅ‚adu immunologicznego, ktÃ³ry rozkrÄ™ca siÄ™ atakujÄ…c rÃ³wnieÅ¼ zdrowe komÃ³rki. Czy taka szczepionka nie wywoÅ‚a podobnej reakcji?","2"
"Czy wirus Sars Cov 2  zostaÅ‚ w ogÃ³le wyizolowany ?","2"
"Czy majÄ…c wytworzone przeciwciaÅ‚a IgG jest sens przyjmowania szczepionki ?","2"
"SkÄ…d mieÄ‡ pewnoÅ›Ä‡, Å¼e szczepionki dostarczone do PL sÄ… produktem, o ktÃ³rym opowiada autor materiaÅ‚u?","2"
"pytanie: dlaczego trzeba przyjÄ…Ä‡ dwie dawki szczepionki w odstÄ™pie ok 3 tyg?","2"
"Francja sprawdziÅ‚a testy CPR i wyszÅ‚o im, Å¼e 63% testÃ³w dodatnich jest faÅ‚szywie dodatnia. MoÅ¼esz zgÅ‚Ä™biÄ‡ temat i odpowiedzieÄ‡ na pytanie czy wobec takich danych ciagle mamy pandemiÄ™?\\nDziÄ™ki","2"
"Najdziwniejsza "" szczepionka""  w historii - nie doÅ›Ä‡, Å¼e za ""darmo"" to jeszcze moÅ¼na wygraÄ‡ hulajnogÄ™ , albo i coÅ› wiÄ™cej ğŸ¤£ğŸ˜†","2"
"""ponadprogramowe zgony"" to jest fantastyczne sformuÅ‚owanie :). Tak dobrze Å¼arÅ‚o i zdechÅ‚o... ehhh","2"
"W jaki sposÃ³b organizm zorientuje siÄ™, Å¼e mRNA ze szczepionki lub wytworzone biaÅ‚ko jest ""zÅ‚e""?","2"
"Gdzie w internecie w wiarygodnym ÅºrÃ³dle moÅ¼na znaleÅºÄ‡ informacjÄ™, Å¼e pierwsze szczepionki Moderny podano w marcu i pierwsze szczepionki Pfizera w kwietniu?","2"
"Po co w takim razie szczepic ludzi po przebytym covidzie ? PrzecieÅ¼ powinny mieÄ‡ odpornoÅ›Ä‡ na covid?","2"
"a skÄ…d do szczepionek trafia mRNA?","2"
"Powiem wam ludzie zaszczepieni zamienia siÄ™ w Zombi","2"
"Chip ktory by sprawil ze nie musze sie o nic martwic. Co za koncept","2"
"ChciaÅ‚abym uzyskaÄ‡ jakieÅ› wiarygodne informacje na temat osÃ³b ze stwardnieniem rozsianym i hashimoto. Czy takie osoby mogÄ… przyjÄ…Ä‡ szczepionkÄ™?","2"
"W Norwegii 33 starsze osoby zmarÅ‚y po podaniu tej szczepionki ğŸ¤”","2"
"czy 10 lat temu szczepienie AfrykaÅ„skich kobiet nie opieraÅ‚o siÄ™ na tej samej technologii ??","2"
"A co w przypadku dostania siÄ™ mRNA ze szczepionki do (ulegajÄ…cych podziaÅ‚owi) komÃ³rek zaatakowanych przez retrowirusy? Jest wÃ³wczas ryzyko wÅ‚Ä…czenia mRNA ze szczepionki do DNA?","2"
"czyli wiem Å¼e nic nie wiem","2"
"KtoÅ›: nie da siÄ™ pocisnÄ…Ä‡ caÅ‚ej Polski w 5 min\\nMata: da siÄ™?","2"
"Starszy jestem od Twojego ojca, sÅ‚ucham hh i punk, gratuluje i bÄ™dÄ™ sÅ‚uchaÅ‚ dalej. Profeska.","2"
"W tej cudownej pieÅ›ni brakuje tylko\\nWperdalam skÅ‚adkÄ™ jak Krystyna pawlowicz","2"
"Kto by pomyÅ›laÅ‚ Å¼e ten sam chÅ‚op siÄ™ chciaÅ‚ oÅ¼eniÄ‡ z HannÄ… MontannÄ….","2"
"Dopiero teraz z czajiÅ‚em Å¼e mata ma bluzÄ™ 2paca +1 mata i kolejne +200 za piosenkeğŸ¤Ÿ","2"
"Czekam teraz aby zobaczyÄ‡ co daÅ‚y te kempy jÄ™zykowe. Czekam na rap po angielsku ğŸ˜€","2"
"21 Å‚apek na dÃ³Å‚ to pewnie tv polska i rzÄ…d","2"
"CiÄ…gle tego sÅ‚ucham","2"
"Dobijamy milion lajkÃ³w!!!!","2"
"Na koÅ„cu powinno byÄ‡: ""CzytaÅ‚ Tomasz Knapik"".","2"
"czemu patoreakcja ma mniej Å‚apek w gorÄ™ niÅ¼ ekipa choÄ‡ jest lepsza o 20razy","2"
"Podobno Krystyna PawÅ‚owicz dalej nic nie rozumie","2"
"To juÅ¼ znamy mÅ‚odzieÅ¼owe zdanie roku ""JebaÄ‡ telewizjÄ™ polskÄ…! Jacek Kurski chuj ci w dziÄ…sÅ‚o""","2"
"POMOCY mama powiedziaÅ‚a ze chce poczytac moje ksiÄ…Å¼ki i wziela mange i ja czyta teraz ale ja sie boje ze ona ja zepsuje XD","2"
"Chcecie mi powiedzieÄ‡ Å¼e za 10 dni skoÅ„czy siÄ™ leÅ¼enie w Å‚Ã³zku i czytanie wattpada dniami i nocami???","2"
"pzepraszam","2"
"Kuba 2:0 z USA na nieÅºle","2"
"RT Granice bezdusznoÅ›ci. AfgaÅ„scy uchodÅºcy utknÄ™li na polsko-biaÅ‚oruskiej granicy""Dzisiaj jedzenie i Å›piwory przywieÅºli woâ€¦","2"
"Od rana w korytarzu zwisa z szafki jakaÅ› wstÄ…Å¼ka i nadal ktoÅ› kto tam grzebaÅ‚ jej nie poprawiÅ‚, jestem pewna Å¼e jak ktoÅ› wstanie w nocy do kibla to dostanie zawaÅ‚u","2"
"mam ochotÄ™ zrobiÄ‡ socjologicznÄ… analizÄ™ treÅ›ci z stay board na vlive xd","2"
"Robie edita bo nie mogÄ™ spaÄ‡","2"
"puta soy godzilla","2"
"wstajecie na remix, nie Å›picie caÅ‚a noc czy macie wywalone i potem ogarniÄ™cie?","2"
"kurde kusi mnie Å¼eby zamÃ³wiÄ‡ te krysztaÅ‚y","2"
"jakaÅ› laska napisaÅ‚a mi na ig Å¼e jestem Å›liczna, spytaÅ‚a czy calowalam siÄ™ z dziewczynÄ… i teraz dodaÅ‚a Å¼e jÄ… kusze i prosi Å¼ebym pokazaÅ‚a jej nÃ³Å¼ki XDD","2"
"do kiedy jest ten event z napierdalaniem siÄ™ w genshin?","2"
"KroiÅ‚am ziemniaki przez 2h XDDDD","2"
"No to teraz kaÅ¼dy Legionista ma mi przelaÄ‡ kasÄ™, za kupon, ktÃ³ry mi nie wszedÅ‚...ğŸ˜œ\\nGratulujÄ™.\\n#LEGSLP","2"
"Mnie Diuna wprowadziÅ‚a w zastÃ³j czytelniczy ğŸ™‚ #czytaniesmuta","2"
"Zagadka. Co to za prezydent ktory w czasie oficjalnej wizyty zagranicznej we wlasne gniazdo sra?","2"
"OglÄ…dam ostatni odcinek Zakochani po uszy ğŸ˜­","2"
"I klasycznie:\\nPani doktor, mÃ³j mÄ…Å¼ jest cholernym bawidamkiem, czy moÅ¼na mu coÅ› na to daÄ‡?\\nNo, nie wiem. MoÅ¼e mÃ³j numer telefonu?","2"
"Nie wiem czy to dobry pomysÅ‚ by robili bank w takim stanie. Mogliby na spokojnie ogarnÄ…Ä‡ te wszystkie rzeczy i przy okazji zobaczyÄ‡ czy nie ma jeszcze czegoÅ› nowego co by im siÄ™ przydaÅ‚o. #5city","2"
"Nie bÄ™dÄ™ pÅ‚akaÄ‡, nie bÄ™dÄ™ pÅ‚akaÄ‡, nie bÄ™dÄ™ pÅ‚akaÄ‡ \\n#trylogiafire #fire #Wattpad #wattpadpolska","2"
"Wojskowe Gratulacje LegioniÅ›ci i Legionistki !!!:) #LEGSLP","2"
"miaÅ‚am dziÅ› tyle razy oczy we Å‚zach, nie dlatego Å¼e coÅ› siÄ™ staÅ‚o tylko wszytko rusza mnie 3 razy bardziejXD","2"
"poszÅ‚abym po fajki na stacjÄ™ ale to trzeba osiedle przejÅ›Ä‡,,,","2"
"boze znow bym chciala rysowac zobaczymy czy chociaz 2 rysunki skoncze tym razem","2"
"jak nie wiem jakie dawac hasÅ‚a to ustawiam sobie daty urodzin moich idoli, bo to najszybsze co mi przychodzi do gÅ‚owy XD","2"
"zapraszasz znajomych na herbatke a oni zjezdzaja z czystom wudom i browarem to bd posiadowa u mnie jutro nastroj zepsuty","2"
"Zanotowane Å¼eby na Å›wiÄ™ta mamie kupiÄ‡ pÅ‚ytÄ™ celine dion","2"
"nauka Jezusowa to tylko usÅ‚ugi bez pieniÄ™dzy za ""goÅ›cinÄ™""","2"
"ej ale w sumie racja ross nam erwina popsuÅ‚ #5city","2"
"PiszÄ… tu o Celticku, a wymyÅ›liÅ‚ Å‚adniej: a moÅ¼e West Ham?;) Fabian, byÅ‚a Slavia czyli Coufal i Soucek...;)\\n#LEGSLP","2"
"Ide sie zajebac bo nie moge tej prezentacji zrobic","2"
"Niech ktoÅ› zrobi felix x mata hari, plz","2"
"z kim pack","2"
"JuÅ¼ chciaÅ‚am napisaÄ‡, Å¼e jestem z siebie dumna, bo zaszylam sobie dziurÄ™ w spodniach i nic nie zrobiÅ‚am przy tym\\nAle chowajÄ…c igÅ‚Ä™ do pudeÅ‚ka wbiÅ‚am jÄ… sobie pod skÃ³rÄ™ ğŸ¤¦ğŸ»â€â™€ï¸","2"
"DÅ¼oÅ‚ wstaÅ‚ po drzemce.","2"
"AC: Odyssey siadÅ‚o zbyt mocno. BÄ™dÄ™ siedziaÅ‚ i resztÄ™ nocy sÅ‚uchaÅ‚ coverÃ³w gitarowych i marzyÅ‚ o tym Å¼e to ja gram","2"
"a moÅ¼e zostaÅ‚o coÅ› na zapleczu","2"
"Trzymanie sztamy z ojcem jest opÅ‚acalne rel potÄ™Å¼ny","2"
"kkami jednak ma odpowiedzialnego tego ojca","2"
"Dia zostaÅ„ moim sponsorem ğŸ™ğŸ» #5city","2"
"sÄ… duÅ¼e promocje na zalando lounge wiÄ™c zgadnijcie kto wÅ‚aÅ›nie zÅ‚oÅ¼yÅ‚ zamÃ³wienie","2"
"serial ""nie zdoÅ‚asz siÄ™ ukryÄ‡"" to ten typ seriali, ktÃ³re uwielbiam","2"
"musze iÅ›Ä‡ spaÄ‡ a tak mi sie chce edit zrobiÄ‡ jezu","2"
"ciekawe czy zauwaÅ¼Ä…...","2"
"Ciekawe czy Felix spodziewaÅ‚ siÄ™ tego co siÄ™ stanie po tym jak wstawi tego tiktoka xd","2"
"oki idÄ™ robiÄ‡ odpis na wÄ…tkach, bo przypomniaÅ‚am sobie, Å¼e mam do przeczytania zalegÅ‚y wÄ…tek kalinki, pisk","2"
"Juventus podjÄ…Å‚ prÃ³bÄ™ sprowadzenia Mauro Icardiego, ale ArgentyÅ„czyk woli zostaÄ‡ w ParyÅ¼u, szczegÃ³lnie przy ewentualnym odejÅ›ciu Kyliana MbappÃ©. [Di Marzio]","2"
"Uliczny pastor Peter Parker zawsze do usÅ‚ug","2"
"krÄ™cÄ… nowy sezon NA i Janet wstawiÅ‚a jak Tylerowi aka iggy'iemu, siÄ™ spociÅ‚y kolana XD ale ja siÄ™ nie dziwie jak on caÅ‚y na maksa ubrany musi byÄ‡ a majÄ… 38 stopni","2"
"DziÄ™kujÄ™ za 8 obserwujÄ…cych","2"
"Wypilabym rumianek a moj rumianek zostal u karola","2"
"wolalabym, zeby to byla przyjacielska relacja niz zwiazek, wykonczy mnie w koncu","2"
"tiktok felixa mam na tl Å›rednio co 3 tweety i ogladam kaÅ¼dy ğŸ˜­âœ‹","2"
"dobra yebaÄ‡ ten caÅ‚y billboard nie sÄ… warci moich nerwÃ³w, jutro jak wstaje to streamuje nowy remix bts a narazie idÄ™ oglÄ…daÄ‡ stranger z moim hot DadDymmmmmmmmmmmm prokuratorem","2"
"matko pierwszy raz widze zajÄ™te wszystkie okienka w eq #5city","2"
"WÅ‚Ä…czenie tÅ‚umaczenia silent cry o tej porze nie byÅ‚o dobrym pomysÅ‚em","2"
"Parasol kojarzy mi sie tylko z para sole w wloskim i mam dysonans","2"
"No daj ktoÅ› tego 90-ego followa no","2"
"zrobiÅ‚abym cos z wlosami ale nie wiem co","2"
"pani psycholog wziela sb dzisisj csla wode zwykla i musialem pic gazowana bul","2"
"ğŸ€ u niego w domku zamieszkal jeden z moich pluszaczkow zebym nie musiala go wozic zawsze \\ni zeby on mogl z nim spac jak jestem u siebie ğŸ€","2"
"ola kot sie dalej nie pozbieraÅ‚a po wczoraj sory ale ksiezyc sie nie atakuje","2"
"ej nie bo jak pomagam Darii przy zamowieniach to czuje sie taka madra","2"
"teraz muszÄ™ pomysleÄ‡ co ja bÄ™dÄ™ robiÅ‚a do 2","2"
"No ale kurwa jaki zakup dokonaÅ‚am rÃ³Å¼dÅ¼ka Narcyzy Malfoy","2"
"wczoraj Å›pie sobie i nagle\\n\\n@demented_devon przylazÅ‚\\n\\nmusiaÅ‚am wstaÄ‡ niestetyğŸ˜¿","2"
"imagine dostac zyczenia urodzinowe o polnocy","2"
"Å›wietny jest fakt Å¼e mam rozpoczÄ™cia i zakoÅ„czenia roku mam tylko i wyÅ‚Ä…cznie z klasÄ… A","2"
"o juz mnie twarz od kremu n nawala","2"
"jest 11 w nocy a ja wpierdalam zimne frytki z maka ze wczoraj","2"
"chciaÅ‚abym Å¼ebyÅ› zobaczyÅ‚* mnie tak jak ja widze siebie","2"
"mowie mamie ze dylan skonczyl 30 dzisiaj, a ona do mnie ze ale stary, KURWA MAMA ON MA TYLKO 30, 13 LAT ROZNICY, ZRESZTA TY JESTES STARSZA","2"
"ukradÅ‚am// dlaczego mnie zaobserwowaliÅ›cie/obserwujecie?","2"
"WciÄ…gnÄ™Å‚am moja przyjaciÃ³Å‚ke w kpop I uczÄ™ ja teraz skz ğŸ¥º #proudmom","2"
"Ok poslucham tej piosenki do koncu I ide spac","2"
"Ja chyba wÅ‚aÅ›nie jestem w urojonej ciÄ…Å¼y i to nie na Å¼arty help\\nFunfact nie uprawiaÅ‚am seksu xd","2"
"Nie jadÅ‚am od kilku godzin i pasuje coÅ› zjeÅ›Ä‡ ale nie ma nic sensownego","2"
"przez ten serial dostanÄ™ w koÅ„cu zawaÅ‚u plz","2"
"czy mogÄ™ wiedzieÄ‡ dlaczego ludzie tutaj na tt sÄ… hot? jakby Ehem JESTEÅšCIE MEGA HOT","2"
"pls niech ktoÅ› zrobi jak Felix taÅ„czy do September Earth, Wind &amp; Fire, bo ja nie umiem, a to tak pasuje. Oddam serduszko","2"
"Brawo DruÅ¼yna!! i Czesiek niech ma coÅ› od Å¼ycia. ğŸ‘ co do reszty, odpuszczÄ™ sobie.","2"
"nie bo oria kupiÅ‚a sobie Å‚aÅ„cuszek z pierwsza litera mojego imienia","2"
"â–ªï¸SZOK: Biden przyjÄ…Å‚ pytanie od korespondenta WH z FoxNews ğŸ˜±","2"
"musze na dniach siÄ™ do fryzjera umÃ³wiÄ‡, tyÅ‚ ojebie na 0 a reszte zostawie pÃ³ki co Å¼ebym mogÅ‚a sobie spiÄ…Ä‡ spinkami i na luzie ten kolczyk dezynfekowaÄ‡","2"
"miekka klucha jestem dzisiaj nie fair","2"
"MogÄ™ uÅ¼ywaÄ‡ PokojÃ³w jako zastÄ™pstwo tweeta gÅ‚osowego, bo oczywiÅ›cie na Androidzie nie mam takiej opcjiğŸ¤”","2"
"weronika zajebala takiego beka ze sie prawie zrzygala","2"
"Zrobie porzÄ…dek w szafie i przy okazji przedestuje jakieÅ› fity do szkoÅ‚y moÅ¼e","2"
"Ja siÄ™ boje Å¼e to jednak nie to i zacznie siÄ™ krzyczenie Ewrona i ktoÅ› siÄ™ obudzi z mojej rodzinki XDDD\\n#5city","2"
"MÄ™skie Granie Orkiestra 2019 - Sobie i Wam","2"
"Wdbhg mi siÄ™ wÅ‚Ä…czyÅ‚o ğŸ˜­\\nPamiÄ™tam jak kiedyÅ› tego czÄ™sto sÅ‚uchaÅ‚am i zapomniaÅ‚am o tym a teraz mi siÄ™ wÅ‚Ä…czyÅ‚o ğŸ˜­","2"
"pisanie 'nie chcÄ™ przyjÅ›Ä‡ bo nie chcÄ™ was widzieÄ‡&gt;&gt;&gt;&gt;&gt;&gt;&gt;&gt;&gt;&gt; mam urwanie gÅ‚owy/muszÄ™ duÅ¼o zrobiÄ‡ XDDDD","2"
"Ostatnim aktem Cristiano Ronaldo w Juventusie bÄ™dzie napinka do nieuznanej bramki. Takie sÄ… fakty","2"
"mam dibre przeczucia z jedna sytuacja, i mam nadzieje de tak bedzie","2"
"nie mamy jeszcze nic, a chcemy szczÄ™Å›ciem tego Å›wiata jeszcze Å¼yÄ‡","2"
"5 minut i bÄ™dÄ™ mogÅ‚a powiedzieÄ‡: â€dziÅ› wydaje piosenkÄ™â€","2"
"Mialam dzisiaj skonczyc 2 sezon outer banks ale nie wyszlo wiec mysle ze skoncze jutro","2"
"nie wierze ze sehun z ikonki znika bese tesknic pysiu","2"
"Ej bo ja mam takie stare kino domowe w pokoju i to wyswietlalo jakies chinskie znaczki a jak wylaczylam od pradu caly czas dzialalo, help?","2"
"No i chuj XDDDDD #5city","2"
"MoÅ¼e nowy projekt lady robiÄ…, stÄ…d te perÅ‚y? #5city","2"
"Jakos jaram sie tegorocznÄ… jesieniÄ…","2"
"Nie, bo jakby tÄ… Å›rodkowa pÃ³Å‚ka byÅ‚a do przesuwania, to bym jakos inaczej to zrobiÅ‚am, a nie, Å¼e ona przymocowana do regaÅ‚u jest","2"
"kurwa oglÄ…dam sobie svt i moja mama przychodzi Å¼e omg magda nie moÅ¼esz siÄ™ tak Å›miaÄ‡ jest pÃ³Å‚noc ğŸ˜­ğŸ˜­","2"
"boze wyswietlila mi sie na tiktoku laska ze wsi ja nie wiedxialem nawet ze ona nagrywa XDD","2"
"ale ze moglibyÅ›cie mi lajknac przypiÄ™tego tweetağŸ™„","2"
"dobra, idÄ™ spaÄ‡, moÅ¼e obudzÄ™ siÄ™ do jakiegoÅ› przyjemnego comunicado oficial","2"
"100 dni z elwirkÄ…, idÄ™ pÅ‚akaÄ‡ ğŸ˜­","2"
"Zastanawiam siÄ™ czy zaczÄ…Ä‡ czytaÄ‡ okrutnego ksiÄ™cia, nie majÄ…c 2 nastÄ™pnych czÄ™Å›ci XDD i hajsu","2"
"not me sÅ‚uchajÄ…cy 22 na loopie i piciu wina samemu w pokoju right now","2"
"IdÄ™ spaÄ‡, dobranoc","2"
"wow bells in santa fe rozjebaÅ‚o #iichliwp","2"
"czy ja naprawde ponad godzine gralam w ta powalona gre?? XDD","2"
"nie napisalam dzisiaj dzienny papiezowa tweet o *, troche przykro","2"
"#slutsroom wyjebaÅ‚o z wraÅ¼enia pt2 XDDD","2"
"Widac ze capela wolny czÅ‚owiek xD #5city","2"
"Mam wraÅ¼enie, Å¼e przyczyny dzisiejszego zamachu w Kabulu byÅ‚y zupeÅ‚nie inne niÅ¼ wynika z analiz na Twitterze i jego skutki bÄ™dÄ… zupeÅ‚nie inne niÅ¼ moÅ¼na by siÄ™ spodziewaÄ‡.","2"
"Dobranoc sÅ‚oÅ„ca&lt;33","2"
"Me niego","2"
"nie bo ja i miya dobranoc","2"
"kurwa zimno siÄ™ robi","2"
"Å¼ycie...\\nWymieniliÅ›my z sÄ…siadem spojrzenia i skinienia gÅ‚owÄ…, on w dresie i ja teÅ¼, on z piwem ze sklepu, ja po piwo do sklepu. SzczÄ™Å›liwi ludzie..","2"
"czm koty niewaÅ¼ne w jakim wieku zawsze szukajÄ… cyca","2"
"AÅ¼ jestem w szoku, Å¼e dalej mnie ktokolwiek na tym Twitterze sÅ‚ucha TwT","2"
"Jak psiciela kupuje warsztat to jest placz ze jak jakie to slabe rp a gosc na napdzie dostal 2 razy tazerem jest na niego 3 broni i tak ucieka #toprp #5city","2"
"Czy ja z kolegami oceniam tylko celebrytÃ³w? Tak.","2"
"chcemi sie spac ale jednak nie co poczac","2"
"jak przez caÅ‚y dzieÅ„ chodzÄ™ w piÅ¼amie to czujÄ™ siÄ™ jak best anorexic","2"
"Normalny Å›wiecie. Z ostatnich wydarzeÅ„, nauka pÅ‚ynie taka: trzeba wygrywaÄ‡ internety i trzeba mieÄ‡ silnÄ… obronnoÅ›Ä‡. Tego uczy przeszÅ‚oÅ›Ä‡ i tego uczy przyszÅ‚oÅ›Ä‡.","2"
"Kurwa 3 lata temu zdaÅ‚am prawko ja sie pytam kiedy to zleciaÅ‚o","2"
"mama znalazÅ‚a leki uspokajajÄ…ce, ups","2"
"Eliminacje #EuroWpierdol siÄ™ skoÅ„czyÅ‚y, jedynie Legia zagra w tym sezonie w #UEL, szkoda Rakowa byÅ‚o blisko ale jednak nie","2"
"sa tu jacys waperzy/palacze??? \\n\\nex palacze nie wazne nie chce wam sakrecac","2"
"po co wy mnie w ogÃ³le obserwujecie","2"
"Ten z wielkim cycem ze stray kids to ktÃ³ry","2"
"55\\nbestie trzeba zrobiÄ‡ kiedyÅ› meet z kieran i sprÃ³bowaÄ‡ twojej tortilli, fav moots chociaÅ¼ na poczÄ…tku siÄ™ ciebie baÅ‚em","2"
"wgl jade do jakiejs energylandi co to kurwa jest","2"
"rÃ³wnoÅ›Ä‡ na pion , igÅ‚a spada jest zastÄ…p wiec roÅ›nie wyÅ¼ej","2"
"nadal mysle ze mam commitment issues ale chce byc w zwiazku lol","2"
"ja chyba nigdy tak niczego nie przeciagalam jak ogladanie iland ja tak bardzo nie chce tego konczyc","2"
"nie wierze ze zjebaÅ‚am 47 dni jak byÅ‚am wolna od ataku paniki kurwa","2"
"Warzone ğŸš®","2"
"stary nie czytaj spojlerow challenge","2"
"SkoÅ„czyÅ‚am czytaÄ‡ #TWDFwattpad i dosÅ‚ownie tonÄ™ w Å‚zach","2"
"kurwa szyszka prowadzi autoğŸ˜­ğŸ˜­ dzieci tak szybko dorastajÄ…\\n\\n#5city","2"
"to kuzynka mÃ³wi Å¼e sie przenosimy na klona","2"
"Legia wÅ‚aÅ›nie napisaÅ‚a historiÄ™ ! Warszawska druÅ¼yna w fazie grupowej Ligi Europy ! Brawo za walkÄ™ !","2"
"Lewandowski no PSG, please","2"
"BTW ODEBRALAM DZIS MANGI W KONCU OWJEOSNEPDNPWKS","2"
"znÃ³w mi siÄ™ chce do kibla no jprdl juÅ¼ nigdy wiÄ™cej nie pije wody","2"
"noski klonowe to ten sam gabaryt igÅ‚y tylko po uderzeniu mÅ‚otkiem","2"
"siedze na tarasie bo boje sie isv do pokoju po rzecz z pottfela XDD zjebiska","2"
"Zebra Power","2"
"imagine miec krÄ™cone wÅ‚osy","2"
"Co za chÅ‚op XDDDDDD #5city","2"
"drunk &amp; nasty","2"
"widziaÅ‚am na tiktoku dziewczynÄ™ ktÃ³ra wyglÄ…daÅ‚a imo na 17/18 lat a idzie do 8 klasy czyli nie wiem ile siÄ™ ma wtedy lat ale na pewno nie 18","2"
"âœ¨Interakcja âœ¨\\nPÅ‚akaliÅ›cie kiedyÅ› Å¼e szczÄ™Å›cia?","2"
"obejrzalam 8 odcinkow pora spac","2"
"Poucze siÄ™ tak do 2 i pÃ³jdÄ™ spaÄ‡ bo o 8 muszÄ™ wstaÄ‡","2"
"W ogÃ³le nie widaÄ‡ ksiÄ™Å¼y w sutannach, jakbym byÅ‚ ksiÄ™dzem, to tylko bym sutannÄ™ nosiÅ‚, razem z brodÄ… i wygolonÄ… gÅ‚owÄ…, jak prawdziwy hiszpaÅ„ski kapelan.","2"
"Jak coÅ› to ja zmieniÅ‚em nazwÄ™ na wattpadzie bo tanta chujowa byÅ‚a","2"
"juz wyszedl album halsey??","2"
"IdÄ™ spaÄ‡ dobranoc","2"
"Nadal nie wiem gdzie jest komar ygh","2"
"dobra idÄ™ spaÄ‡ dobranoc","2"
"wolni jak ptaki...\\n\\nTeÅ¼ mogÄ™ byÄ‡? Plis \\n\\n#ptakisandraczuraj","2"
"przynajmniej odrobinÄ™ mnie to odstresowalo, i guess","2"
"21\\njapierdole bestie jesteÅ› hot af, masz big taste, zasÅ‚ugujesz na wszystko o dobre kc&lt;3","2"
"o kurwa aaaa bedzie jess","2"
"maÅ‚o mnie tu ostatnio bo siedzÄ™ kolejny turnus na koloniach z dzieciakami.\\nale mam nadziejÄ™ Å¼e juÅ¼ jak wrÃ³cÄ™ to bÄ™dÄ™ miaÅ‚a czas na ksiÄ…Å¼ki i na oglÄ…danie bootlegow ğŸ˜­","2"
"Ciekawe czy taki Sheriff byÅ‚by w zasiÄ™guğŸ¤”","2"
"#jesieniary\\nÅe ja tu wbijam i widzÄ™ Å¼e twitterowe jesieniary juÅ¼ siÄ™ grzejÄ… uhuh","2"
"makaron odpisz plz","2"
"#Miecugow 4 lata juÅ¼ğŸ˜ª","2"
"Ja zawsze: pokÅ‚Ã³ciÅ‚a bym siÄ™ z nim/niÄ… ale nie mam weny ğŸ˜‚","2"
"boostujemy jarosza do 3k elo na faceit z kadziem i spÅ‚awikiem i bielanym, damy radÄ™?","2"
"ja nie ogladam tego eventu dzisiaj jednak xd lowkey mam w to wyjebane, highkey i tak jest zbyt duze prawdopodobienstwo ze nie wyjdzie. yâ€™all have fun tho","2"
"n podoba mi sie ten pack jutro zmieneicd","2"
"teoretycznie mam kolejny ar ale nie mam bo nie robilam tego czegos co jest na 35","2"
"wiktor Å›piewa cypisa","2"
"moze jakbym nie miala lotniska-czoliska moglabym sie sciac na krotko i zalizal wlosy nak terushima.... dwa klauny uwu","2"
"ten typ polubiÅ‚ nasze wszystkie komentarze.","2"
"albo zacznÄ™ czytac tokyo ghoula albo oglÄ…dam dalej haikyuu choose wisely","2"
"ja i dzielimy jedna komÃ³rkÄ™ w muzgu that's it thats the tweet","2"
"jednak ta ikonka bardziej mi pazuje","2"
"Nowy dzieÅ„. Czy przyniesie on oficjalkÄ™ Julesa KoundÃ©?","2"
"Kiedy piszesz wszystkim dobranoc ale jakieÅ› kilka minut temu dajesz znaki Å¼e nie Å›pisz to jeÅ¼y piÄ™kne","2"
"dzisiaj zjadlam tylko dwie kanapki oby jutro tez sie udalo","2"
"MATEUSZ ÅšPISZ?","2"
"Nowy przypiÄ™ty","2"
"dobranocki niech was kolderka nie udusi","2"
"//tw przedawkowanie ?\\n\\nPrzedawkowaÅ‚am kiedyÅ› rutinoscorbin \\n\\nI do teraz nie mogÄ™ jeÅ›Ä‡ i piÄ‡ co ma duÅ¼o witaminy C","2"
"dopawkdpoiakwiodjaiowd","2"
"jak moim chÅ‚opakiem nie bÄ™dzie ham wonjin to ja nie chce chÅ‚opaka","2"
"nie bo jutro ide na maraton do kina wiec teoretycznie powinnam sie teraz wyspac and guess what nie moge zasnac","2"
"22 - kilka razy wymieniliÅ›my wiadomoÅ›ci i ogÃ³lnie wydajesz siÄ™ byÄ‡ mega kochana &lt;3","2"
"Hahahahaha dobrze, Å¼e pendu do City poszedÅ‚ i mogÄ™ czytaÄ‡, jak kibice United piszÄ…, Å¼e Messi&gt;pendu","2"
"jutro Å›piÄ™ dÅ‚ugo wiÄ™c dobranoc wyÅ›pijcie siÄ™","2"
"lrt teraz zauwazylam ze oni gryza buty phos zostawcie buty phos","2"
"Jestem uzaleÅ¼niona od tik toka Felixa","2"
"Jako Feliksiary musiaÅ‚yÅ›my no","2"
"ludzie na tiktoku Å›miejÄ… sie ze stÃ³p jimina poplacze zie zarsz nmg","2"
"Cycki","2"
"przejmujemh jutuby","2"
"ej bo mi w simsach drzewka pieniazkowe nie chca rosnac ğŸ˜­","2"
"boze rok temu przechodzilam moja indie ere...","2"
"co to za hasztag czm fo powstalo wgl #kebabowarodÅº","2"
"Mam juÅ¼ dla siebie aperolka na sobotÄ™, muszÄ™ kupiÄ‡ jeszcze prosecco i bÄ™dÄ™ czuÅ‚a siÄ™ jak krÃ³lowa.","2"
"niedÅ‚ugo znowu bÄ™dzie burger drwala w makuâ€”\\nwtf przeciez dopiero tydzieÅ„ temu go jadÅ‚am ostatni raz","2"
"Nic sie nie dzieje na Crimie serio moglby juz 70status1 #5city","2"
"boze przez tik toka przypomniaÅ‚y mi sie seriale lps i jakbyğŸ˜­ğŸ˜­ to byÅ‚o caÅ‚e moje zycie jak byÅ‚am maÅ‚a","2"
"swinie nayczyly sie rozpierdalac klatke aby moc orzejsc do ludwika one sa jakies popierdolone co ja trzymam pod dachem","2"
"Ostatnia piosenka, wyÅ‚Ä…czam Spotify i idÄ™ spaÄ‡","2"
"shifting sie udal i spedzilam w hogwarcie swieta","2"
"WwzOrS3+","2"
"sa turaj takie dwie osoby ktore maja na profilowym jimina i lickuja mi praktycznie kazdego tlita, kocham was","2"
"zaraz bede swietowac rok bycia singlem, a tutaj mi sie napatoczyl KURWA FACEEET KTORY SKUTECZNIE MNIE PODRYWA","2"
"Gram a simsy i rysujeğŸ˜˜âœŒ","2"
"LecÄ™ spaÄ‡ dobranoc !!","2"
"ja nie jestem przygotowana na jego powrÃ³t do domu, przecieÅ¼ ja siÄ™ zaÅ‚amiÄ™","2"
"XIAOTING ZADEBIUTUJE","2"
"OdkopujÄ™ stare twity gÅ‚upia","2"
"ni dotykaj mnie nawet z aleja bo cie pizda ich guru podszewka wciagnie a potem ma drgawki orgazmu i wydaje chore dzwiÄ™ki jak wkurwiony JapoÅ„czyk","2"
"moze dziwne pytanie ale czy ja jestem atencyjna?Â¿ tak szczerze naprawde potrzebuje to wiedziec","2"
"mÃ³j nastÄ™pny cel to ogarnÄ…Ä‡ pinned eh","2"
"Kurw daon to wszystko widzial zycir nir ma sensu","2"
"tylko jebiec poplÄ…tany jak powie zrozumiale to musi mieÄ‡ innego co go poskrÄ™ca","2"
"Dzisiaj ostatni piÄ…tek wakacji","2"
"przeczytaÅ‚am coÅ› mechatronika i juÅ¼ siÄ™ zestresowaÅ‚am Å¼e nie zdam egzaminÃ³w pÅ‚ak","2"
"soobin w albumie to byl znak zeby ustawic go sb na icone w kocnuğŸ’”ğŸ’”ğŸ’”","2"
"nigdy sb tak n wkurzam jak przy grze w pasjamsa","2"
"MiaÅ‚am iÅ›Ä‡ spaÄ‡ ale jak kontent Ernesta z tatÄ… to wyjebane #5city","2"
"nie mogÄ™ siÄ™ doczekaÄ‡ walki z tym no\\neeeee\\nzapomniaÅ‚em jak siÄ™ nazywaÅ‚a\\nale ta ksiÄ™Å¼niczka potwÃ³r co siÄ™ z niÄ… w trumnie napierdalaÅ‚","2"
"zostaÅ‚o mi tylko 200 stron do koÅ„ca wooo zapierdalam","2"
"liga legend jest jak mÃ³j byÅ‚y, niby nienawidze, ale still w niÄ… gram xddddd","2"
"Nie no, ciekawe kto stoi za dobra dyspozycja dawnych kuzynÃ³w. Kto ogarnÄ…Å‚ Bartka Slisza? No pewnie, ze Darek MioduskiğŸ‘","2"
"twraz trzdba tylko trztmac bez snu druga dobe bo moj mozg odpierdsls","2"
"a moÅ¼e jednak nie","2"
"Nadal nie mam ustalonego terminu na dziary u Lamy ğŸ˜”","2"
"Nie mogÄ™ zasnÄ…Ä‡. Mam jakÄ…Å› retrospekcje caÅ‚ego tego roku od poprzedniej koÅ„cÃ³wki sierpnia. CzujÄ™ siÄ™ jak zupeÅ‚nie inny czÅ‚owiek niÅ¼ rok temu","2"
"KURWA musze zrobic miejsce na plakat","2"
"Czekam do 2 na piosenke seleny, przesÅ‚ucham i idÄ™ spaÄ‡","2"
"Jestem przeraÅ¼ona tym ile bab pisze komentarze w stylu â€wyjebalabym mu, zajebalabym go, niech wypierdalaâ€\\nJeÅ›li hasÅ‚o wyzwala w was aÅ¼ taka agresje to WspÃ³Å‚czuje waszym chÅ‚opom serio","3"
"Zerwij z nim","3"
"Zmienili tytuÅ‚ chuje albo mi siÄ™ wydaje.","3"
"Deklem, jest osoba, ktÃ³ra by zerwaÅ‚a przez hasÅ‚o xD","3"
"Igor Charczuk nie zesraj sie","3"
"TakÅ¼e Tfu na SolidaruchÃ³w Å¼e to chcieli przepchaÄ‡","3"
"tragiczny pomysÅ‚, w dodatku tragicznie wprowadzony w Å¼ycie, niesprawiedliwy w teorii i tym bardziej w praktyce","3"
"JesteÅ›my zbyt biednym krajem na ustawowe zatrzymywanie gospodarki przez jeden dzieÅ„ w tygodniu.","3"
"tak czy siak obrzydliwe","3"
"Bartosz BrzÃ³zek Ty umiesz czytaÄ‡, czy nie bardzo?","3"
"Mateusz Cielas Sam produkt tak. Tutaj fejkiem jest wklejony KrzyÅ› i Prosiaczek.","3"
"Joanna Joanna +1, hemofobia jest wystarczajÄ…co popularna przypadÅ‚oÅ›ciÄ… Å¼eby pisaÄ‡ TW","3"
"ChÄ™tnie oddam ale cukrzyca mÃ³wi nie","3"
"Chce byÄ‡ niewidzialna","3"
"Em Em W momencie przejÅ›cia na drugÄ… stronÄ™ widaÄ‡ CiÄ™ przez 3 sekundy xd","3"
"Oktawian niestety wykracza poza mÃ³j budÅ¼et dosyÄ‡ sporo, ale dziÄ™ki.","3"
"Kofola to najwiÄ™kszy syf jaki piÅ‚em","3"
"MyÅ›laÅ‚am Å¼e pamiÄ™tniczki bÄ™dÄ… zawiodÅ‚am siÄ™","3"
"Nadal nie wiem jak tak na siedzÄ…co moÅ¼na","3"
"dobre. rok po kolejce pod lidlem juz czuc wkurw na pandemie.","3"
"Ciekawe jakie argumenty maja ci wszyscy minusujacy","3"
"Moja samotnoÅ›Ä‡ czasem mnie strasznie przygniata ale przyzwyczaiÅ‚am siÄ™ juÅ¼ do tego uczucia","3"
"doÅ›Ä‡ mam","3"
"UzupeÅ‚niÅ‚am notatki do klasycyzmu, mam jeszcze czas do Å›rody Å¼eby skoÅ„czyÄ‡ caÅ‚oÅ›Ä‡ i powklejaÄ‡ zdjÄ™cia. Nie wiem czy siÄ™ wyrobiÄ™ patrzÄ…c na iloÅ›Ä‡ zleceÅ„ i obrÃ³bki ğŸ˜“","3"
"moj internet do wywalenia","3"
"szczerze? Tak Å›rednio chce mi siÄ™ oglÄ…daÄ‡ MCC, z wiedzÄ… Å¼e mÃ³j internet ostatnio bardzo umiera :/","3"
"wspÃ³Å‚czujÄ™ fest, nie polecam","3"
"kurwa muj kregoslup !","3"
"bÅ‚agam Å¼eby jutro rano nie padaÅ‚o, chcÄ™ w spokoju pÃ³jÅ›Ä‡ do pracy","3"
"Åeb mi zaraz wypierdoli n xhxe jzu","3"
"dobra ide obcinac niech sie dzieje co sie ma kurwa dziac","3"
"kochani nie warto sie staraÄ‡ bo i tak cie oscamuja i zostawia","3"
"ja wracam wÅ‚aÅ›nie do domu i bÄ™dÄ™ zaraz na stacji. jadÄ™ samochodem a jestem taka zmÄ™czona","3"
"chyba sie jednak przeziebilam po ttm deszczu bo mam katar i mi caly czas zimno i mnie miÄ™Å›nie bola czekam na herbatke z malinami od kogos z was","3"
"a od wrzeÅ›nia znowu zaczyna siÄ™ Å¼ycie na kawie i zapierdalanie w ta i we w ta wiÄ™c schudne z 6 kg w mesiac","3"
"jezu czemu moj jeden ziomek mnie tak totalnie nie rozumie ze jak cos mu napisze i on wgl pisze mi jakies glupoty to wole po prostu zmienic temat bo jedyne co z tego wynosze to wkurzenie","3"
"chyba odinstaluje facebooka bo mnie tylko triggeruje a i tak go nie uzywam","3"
"z czekoladağŸ¤¢","3"
"musze podjac ciezka decyzje.","3"
"Jestem w takim stanie, Å¼e mam ochotÄ™ zrobiÄ‡ thread z odpowiedziami na 100 pytaÅ„, I kinda need help, dobrze, Å¼e w sobotÄ™ idÄ™ na wystawÄ™ w PogÅ‚osie...","3"
"pl\\n\\nnadal mi przykro ze dream uusnal teledysk do mask boÅ¼e !","3"
"MyÅ›lÄ™ czy mimo, Å¼e nie speÅ‚niam wszystkich wymagaÅ„ nie sprÃ³bowaÄ‡ aplikowaÄ‡ do tej pracy... Jestem w stanie siÄ™ wszystkiego nauczyc. MuszÄ™ w sobie w koÅ„cu uwierzyÄ‡..","3"
"Co robicie w swoim wolnym czasie? Bo ja juÅ¼ mam siebie doÅ›Ä‡ i nie wiem co z sobÄ… zrobiÄ‡","3"
"Tylko idiotkÄ™ z siebie zrobiÅ‚am bez sensu","3"
"jestem na takim etapie lenistwa Å¼e nie chce mi siÄ™ paska rozwinÄ…Ä‡ i sprawdziÄ‡ daty","3"
"MartwiÄ™ siÄ™ znÃ³w, niech przynajmniej odczyta","3"
"Naorawde powinienem czasem zamknac norde bo wszystko psuje","3"
"skoÅ„czyÅ‚ siÄ™ earl grey ğŸ˜­ dobrze Å¼e zdÄ…Å¼yÅ‚am juÅ¼ na jutro zaplanowaÄ‡ maÅ‚e zakupy","3"
"to nie kest kurwa na moje nerwy to anime japierdole kurwa ğŸ˜­ğŸ˜­ğŸ˜­ğŸ˜­ğŸ˜­","3"
"smutno mi nie powiedzialem dobranoc .","3"
"A teraz idÄ™ spaÄ‡, bo jutro ciÄ™Å¼ki dzieÅ„ w pracy przede mnÄ… ğŸ™€","3"
"mam w lodÃ³wce tylko bigos i soplice wisniowa to sa Å¼arty jakies","3"
"mam piecdziesiat stron licencjatu i juÅ¼ tym rzygam","3"
"chciaÅ‚abym Å¼yÄ‡ w Å›wiecie, w ktÃ³rym na twt hasztag 5city nie byÅ‚by zajebany Å›mierdzielem i mustwinem","3"
"czujÄ™ siÄ™ jak gÃ³wno \\nuhuu zabawa ğŸ¥´","3"
"ja pierdole ale mam beznadziejny napad","3"
"Koncert malika byÅ‚ chujowy, najgorszy z dziÅ› zdecydowanie","3"
"CaÅ‚y czas jestem zmÄ™czona","3"
"Jest mi przykro bo tÄ™skniÄ™ za rzeczami ktÃ³re juÅ¼ nie wrÃ³ca i nie wiem","3"
"MyÅ›lÄ™, Å¼e powinienem iÅ›Ä‡ juÅ¼ spaÄ‡, ale nie mogÄ™ zasnÄ…Ä‡.","3"
"kazdy dzien przyprawia mnie o coraz wieksza awersje wzgledem ludzi","3"
"nie bo znowu mam chwilÄ™ sÅ‚aboÅ›ci i chce rzuciÄ‡ wszystko i zrobiÄ‡ jeszcze wiÄ™cej Å¼eby znowu z nim byÄ‡","3"
"kurwa mi sie juz spac chce a ciekawe co bd jutro w tym kinie jak my mamy tam siedziec jakies 12 godzin","3"
"No generalnie przepraszam wszystkich za to Å¼e siÄ™ w ogÃ³le urodziÅ‚em i za to Å¼e w ogÃ³le siÄ™ pojawiÅ‚em w waszym Å¼yciu","3"
"nie jestem ulubiona osoba mojej ulubionej osoby :(","3"
"tak mi sb nie chce suszyc tych wlosow ze eh","3"
"co za idiota ukÅ‚adaÅ‚ im ta drabinke Å¼e maja graÄ‡ pÃ³Å‚finaÅ‚ i finaÅ‚ w tym samym dniu","3"
"nienawidzÄ™ siÄ™ pakowaÄ‡ ;(","3"
"kurwa szkoda ze nue umiem ogarnav co ona spiewa bo jest polowa tak nue wyeaznue","3"
"nie bo jak ja boje sie nawet do kogokolwiek napisac pierwszy ğŸ˜¹","3"
"rozpierdol","3"
"kurwa muszÄ™ jeszcze pokÃ³j posprzÄ…taÄ‡ tetaz-","3"
"za duzo informacji na dzisiaj dlaczego ja nie mam takiego ciekawego zycia ğŸ˜­ğŸ˜­","3"
"AÅ‚a chciaÅ‚am wycisnÄ…Ä‡ pryszcza maÅ‚ego co miaÅ‚am na Å›rodku czoÅ‚a i tylko to pogorszyÅ‚am xddd","3"
"zmÄ™czona jestem ğŸ˜”","3"
"zaraz przyklejÄ™ plasterek na smutki","3"
"Oho ale sie tu pusto zrobiÅ‚o","3"
"w sumie to sobel ma spoko piosenki ale jest gÅ‚upi xd","3"
"nikogo to nid obchodzi wez sie w garsc twoje uczuica sÄ… nie waznse","3"
"chcialabym juz zdechnac","3"
"chce wymiotowac","3"
"nie umiem pisac co","3"
"sÂ´niadanie","3"
"Kurwa cima mnie zaatakowaÅ‚a japierdole...","3"
"oglÄ…dam Countdown i mam straszne schizy na poczÄ…tku filmu juÅ¼, help","3"
"nie dam rady terwz wybrac mojej ulubionej piosenki bo kazda w jakis sposov mnie rozwaliÅ‚a #iichliwp","3"
"hahahaha ten badzio to serio myÅ›li, Å¼e te jego gÃ³wno filmiki spowodujÄ…, Å¼e ZROBI Z PIÅKARZY MASZYNY, czy tylko tak udaje?","3"
"Przypomnijcie mi jutro, Å¼e mam zadzwoniÄ‡ i umÃ³wiÄ‡ sie do psychiatry, bo zapomne znowuâ€¦","3"
"ja mam ostatnio tak nasilony epizod bycia starym dziadem no bez koma","3"
"kurwa nie doprala siÄ™ vede ryczec","3"
"nie wiem ja siÄ™ po prostu nie nadaje do Å¼ycia","3"
"zle siÄ™ czuje","3"
"Mam wraÅ¼enie Å¼e wszyscy mnie ignorujÄ…","3"
"z minuty na minute coraz bardziej chlopow nienawidze naprawde czy ja moge zamordowac was wszystkich kurwa na sznurach powiesic na pal nabic","3"
"Big Lebowski 2021","3"
"To jest nienormalne jak mnie niektÃ³re osoby potraktowaÅ‚y bez powodu. Najlepsi przyjaciele a teraz jakbyÅ›my siÄ™ nie znali. Fuck my life","3"
"N polecam posiadanie chuja spaÅ‚em w dÅ¼insach i przez obsrany zamek chuj mn napierdala caÅ‚y dzieÅ„ 1/10","3"
"dobra chyba podjelam decyzje, nie ide tam wiecej bo to sie mija z celem, musze sie jakos sama ogarnac i tyle","3"
